HouseID,Location,Area_sqft,Bedrooms,Bathrooms,HouseAge_years,Garage,GardenArea_sqft,DistanceToCity_km,Price_Lakh
3001,Chittagong,1422,3,4,20,1,1783.0,33.9,122.9
3002,Dhaka,3796,5,3,13,1,1410.8,13.2,499.8
3003,Sylhet,1010,5,1,9,1,0.0,7.8,99.6
3004,Rajshahi,2413,4,1,3,0,,31.0,119.1
3005,Sylhet,2256,2,2,9,1,0.0,16.9,137.5
3006,Dhaka,1096,7,1,22,0,0.0,24.7,110.9
3007,Dhaka,4107,2,3,39,0,0.0,33.5,286.7
3008,Sylhet,956,6,3,28,1,0.0,16.6,87.0
3009,Sylhet,540,2,3,39,1,,7.3,53.5
3010,Dhaka,3456,2,3,24,0,0.0,22.3,291.9
3011,Rajshahi,4413,3,1,37,0,0.0,24.2,165.2
3012,Sylhet,1437,2,3,27,0,1490.2,1.7,150.1
3013,Chittagong,3479,1,2,36,0,0.0,25.0,175.9
3014,Rajshahi,1844,4,2,3,1,1886.7,17.3,160.0
3015,Chittagong,4209,7,4,12,0,822.5,28.9,355.7
3016,Chittagong,1872,5,5,8,0,328.0,15.3,196.6
3017,Rajshahi,3247,3,4,40,0,1135.2,29.5,162.7
3018,Dhaka,4086,7,3,6,0,1654.1,1.7,636.6
3019,Dhaka,4043,3,2,14,0,65.6,21.5,371.8
3020,Dhaka,4267,1,1,32,1,0.0,2.3,388.5
3021,Dhaka,1915,1,2,3,1,1829.5,15.6,266.9
3022,Dhaka,2518,3,2,28,0,1775.1,8.1,312.8
3023,Chittagong,4261,3,1,4,1,0.0,10.1,304.7
3024,Rajshahi,969,2,1,26,1,0.0,27.2,15
3025,Chittagong,1379,4,3,22,1,451.8,29.5,132.2
3026,Rajshahi,1111,1,2,16,0,937.3,19.5,44.3
3027,Dhaka,3286,7,5,33,1,859.0,27.4,441.6
3028,Dhaka,1275,3,2,23,0,973.3,23.8,121.0
3029,Dhaka,2343,2,2,17,0,,8.8,236.2
3030,Dhaka,2971,5,5,30,0,1916.8,16.0,402.8
3031,Dhaka,4151,5,5,26,1,888.8,26.2,465.7
3032,Sylhet,3232,4,5,38,0,0.0,27.3,203.6
3033,Rajshahi,2641,6,1,34,0,1554.4,18.4,145.1
3034,Rajshahi,1798,5,5,17,1,0.0,32.4,120.0
3035,Rajshahi,3675,6,2,28,1,0.0,15.6,192.4
3036,Rajshahi,577,3,4,3,0,1704.7,1.7,120.8
3037,Dhaka,779,2,2,37,1,1261.4,4.3,117.8
3038,Dhaka,2780,4,4,38,0,1811.4,20.0,327.2
3039,Sylhet,2698,6,1,1,0,783.8,22.5,217.3
3040,Sylhet,3634,2,3,12,1,0.0,15.8,259.6
3041,Chittagong,2344,1,1,16,0,117.5,8.3,126.1
3042,Dhaka,1705,4,5,34,1,,1.1,315.8
3043,Chittagong,3354,2,3,4,1,419.5,2.7,263.2
3044,Chittagong,849,3,2,12,1,,8.0,85.2
3045,Rajshahi,408,2,1,29,0,0.0,15.3,15
3046,Sylhet,1214,1,2,6,0,0.0,4.7,67.8
3047,Chittagong,3416,6,4,22,0,,1.4,297.9
3048,Chittagong,1075,4,5,16,0,1007.5,8.9,150.1
3049,Chittagong,515,6,1,25,0,10.8,26.9,18.4
3050,Dhaka,675,5,1,0,0,1465.9,25.0,129.1
3051,Dhaka,1873,3,4,29,1,1955.9,,230.1
3052,Sylhet,897,3,3,20,0,1791.8,23.8,88.9
3053,Chittagong,3015,6,2,28,1,255.1,20.6,230.6
3054,Chittagong,900,7,1,9,0,,,92.6
3055,Sylhet,406,1,2,25,0,0.0,16.2,15
3056,Rajshahi,2316,4,1,30,1,0.0,13.6,107.8
3057,Dhaka,3495,5,5,37,1,910.3,25.8,400.3
3058,Sylhet,2265,4,4,30,0,1229.0,9.4,199.3
3059,Sylhet,2689,1,1,17,0,640.5,2.8,160.8
3060,Rajshahi,1692,3,2,22,1,1208.2,5.8,120.2
3061,Dhaka,3159,7,5,19,1,464.9,,479.0
3062,Sylhet,1350,4,4,34,0,1439.9,16.7,111.7
3063,Dhaka,594,2,3,37,0,325.3,31.4,15
3064,Dhaka,686,5,1,34,0,0.0,2.1,90.4
3065,Dhaka,1591,5,2,14,1,547.0,7.6,269.1
3066,Rajshahi,2209,1,1,40,0,902.2,32.6,52.4
3067,Sylhet,1512,1,2,33,0,77.4,21.3,26.6
3068,Sylhet,3687,5,4,14,0,0.0,32.2,220.6
3069,Sylhet,3926,4,5,37,1,0.0,16.0,270.1
3070,Rajshahi,2520,6,4,10,1,1476.6,29.0,179.7
3071,Chittagong,1610,5,2,15,0,,3.2,219.8
3072,Rajshahi,3308,7,3,27,0,520.5,16.2,195.4
3073,Chittagong,2952,4,1,27,0,673.2,4.4,238.2
3074,Chittagong,3141,5,1,31,0,0.0,24.7,193.3
3075,Rajshahi,820,1,2,13,0,1540.5,13.0,58.6
3076,Sylhet,792,2,2,7,0,0.0,23.1,49.8
3077,Rajshahi,1726,4,5,28,0,1604.7,24.2,111.4
3078,Rajshahi,4009,4,1,3,1,0.0,24.3,219.0
3079,Sylhet,3598,2,2,31,1,,24.1,192.2
3080,Sylhet,3805,7,2,6,1,0.0,22.2,292.1
3081,Rajshahi,3894,5,2,40,0,0.0,10.0,197.6
3082,Rajshahi,1819,2,1,5,1,,4.0,134.2
3083,Sylhet,2207,1,1,40,1,356.6,12.8,121.5
3084,Rajshahi,3394,5,4,26,0,533.8,14.3,183.1
3085,Chittagong,1086,5,2,6,1,1477.2,4.2,169.9
3086,Sylhet,4309,6,4,19,1,630.1,,347.9
3087,Dhaka,1369,6,3,8,1,508.7,29.4,237.1
3088,Dhaka,1318,1,1,36,1,1696.5,17.0,115.2
3089,Chittagong,4202,2,2,20,1,0.0,25.8,248.4
3090,Chittagong,3650,7,5,27,1,881.7,4.5,341.7
3091,Sylhet,2846,7,2,6,1,969.1,3.6,291.7
3092,Dhaka,3958,7,5,28,1,1748.5,2.9,618.4
3093,Rajshahi,3985,4,5,15,0,0.0,27.9,209.2
3094,Dhaka,1367,2,3,13,1,570.9,33.9,102.3
3095,Sylhet,2772,5,1,35,1,868.3,29.2,173.3
3096,Rajshahi,1022,2,3,34,0,35.7,25.7,22.8
3097,Chittagong,2258,5,3,33,0,0.0,17.6,165.6
3098,Sylhet,3015,4,3,18,0,0.0,33.7,144.1
3099,Chittagong,638,7,1,12,0,1946.4,17.5,133.2
3100,Chittagong,695,7,5,29,1,1091.2,6.8,171.1
3101,Chittagong,1186,1,2,28,1,0.0,34.1,28.0
3102,Sylhet,4133,4,2,6,0,449.7,5.3,286.5
3103,Chittagong,1870,1,1,7,1,0.0,1.8,145.8
3104,Chittagong,1153,5,4,23,0,0.0,31.0,70.6
3105,Rajshahi,426,7,1,3,0,1380.2,19.3,69.8
3106,Dhaka,1350,7,1,4,0,365.7,25.6,209.1
3107,Rajshahi,1293,3,4,16,1,0.0,,103.7
3108,Rajshahi,1243,6,2,12,0,0.0,3.0,126.4
3109,Dhaka,3942,5,2,25,1,0.0,2.1,488.1
3110,Dhaka,3554,7,5,1,1,0.0,5.4,521.2
3111,Dhaka,1791,4,3,35,0,0.0,13.4,183.6
3112,Rajshahi,4395,5,4,11,1,697.3,10.6,281.8
3113,Sylhet,3749,1,2,35,0,0.0,16.7,157.9
3114,Dhaka,1095,2,3,0,1,0.0,34.7,108.8
3115,Rajshahi,2605,3,2,9,0,0.0,20.2,133.3
3116,Sylhet,1951,5,4,9,0,595.1,34.9,135.8
3117,Dhaka,3262,4,2,37,0,1427.9,2.2,391.9
3118,Sylhet,2533,4,1,22,1,1752.8,4.5,244.0
3119,Dhaka,4389,7,4,35,0,1543.6,13.3,551.5
3120,Chittagong,3792,2,1,21,0,0.0,23.6,187.5
3121,Chittagong,2087,4,4,3,0,468.3,30.7,152.5
3122,Sylhet,1859,6,4,29,1,970.9,18.7,152.5
3123,Rajshahi,2109,4,4,27,0,1404.5,7.9,179.3
3124,Rajshahi,2151,4,1,5,1,0.0,11.8,129.0
3125,Dhaka,3091,6,2,32,0,483.4,12.4,351.0
3126,Dhaka,3779,4,1,12,1,0.0,,425.1
3127,Sylhet,3525,3,1,38,0,1593.2,25.1,198.8
3128,Dhaka,4055,5,4,28,0,0.0,0.9,459.0
3129,Dhaka,3549,6,2,24,1,1243.8,12.0,461.4
3130,Rajshahi,517,7,5,38,1,0.0,16.4,42.9
3131,Sylhet,4461,6,4,11,0,1412.4,10.8,366.8
3132,Dhaka,1019,3,4,35,1,1994.9,2.7,216.2
3133,Sylhet,2101,4,1,9,0,1878.7,13.7,194.2
3134,Dhaka,2182,3,3,4,1,1084.7,9.6,323.9
3135,Dhaka,2985,1,2,36,1,839.0,25.1,239.5
3136,Dhaka,1963,3,4,38,1,896.7,10.1,257.9
3137,Rajshahi,2943,1,2,6,0,1915.3,7.5,185.7
3138,Dhaka,854,6,2,6,0,325.0,4.9,214.7
3139,Sylhet,4093,7,2,24,1,,21.8,301.1
3140,Rajshahi,4043,7,5,8,0,1282.7,33.2,258.8
3141,Rajshahi,3190,2,3,36,0,1990.9,29.1,157.8
3142,Sylhet,1151,4,2,36,0,0.0,17.8,52.3
3143,Rajshahi,4258,4,1,23,0,,26.0,196.2
3144,Rajshahi,2440,2,1,21,0,851.5,7.1,124.0
3145,Sylhet,3074,6,4,29,0,0.0,28.2,206.8
3146,Sylhet,1850,5,2,35,1,0.0,9.7,149.0
3147,Rajshahi,2579,2,1,33,0,1364.5,29.8,110.8
3148,Chittagong,508,6,3,11,0,0.0,30.0,59.2
3149,Dhaka,1542,5,1,18,1,0.0,7.0,222.2
3150,Chittagong,948,6,5,12,1,973.7,5.6,216.0
3151,Sylhet,1528,6,4,23,0,0.0,22.8,136.6
3152,Chittagong,1689,1,1,9,0,1805.0,,182.6
3153,Rajshahi,2924,5,2,13,0,17.9,15.7,151.3
3154,Dhaka,2324,3,3,12,1,0.0,29.6,212.7
3155,Dhaka,2703,4,5,30,1,1530.5,17.6,387.6
3156,Chittagong,2862,5,2,24,1,893.2,,223.8
3157,Dhaka,2747,4,5,14,0,1711.1,4.5,417.7
3158,Dhaka,3484,2,2,39,0,0.0,29.2,260.5
3159,Chittagong,511,1,1,14,1,0.0,18.5,15
3160,Chittagong,1034,6,5,38,1,1346.4,12.1,148.5
3161,Dhaka,3862,3,4,31,0,0.0,1.6,450.3
3162,Chittagong,3869,4,5,28,1,0.0,9.5,303.0
3163,Dhaka,1136,7,4,22,0,1462.8,30.0,226.9
3164,Sylhet,1081,2,1,14,1,0.0,28.8,27.2
3165,Chittagong,2491,2,3,28,1,0.0,19.0,171.0
3166,Rajshahi,4266,5,2,34,0,0.0,2.6,237.7
3167,Dhaka,3525,2,1,5,0,0.0,1.3,373.4
3168,Rajshahi,2212,3,3,39,0,1755.1,3.9,136.6
3169,Dhaka,3635,3,1,1,0,,7.8,423.5
3170,Chittagong,3828,7,2,4,0,591.8,16.4,337.3
3171,Rajshahi,3335,1,2,4,0,0.0,29.4,129.1
3172,Dhaka,1008,6,3,3,0,148.3,5.9,238.1
3173,Rajshahi,763,7,3,29,1,1084.5,13.0,100.6
3174,Dhaka,4301,4,1,8,1,0.0,18.4,470.4
3175,Dhaka,3366,7,2,0,1,0.0,3.3,545.0
3176,Sylhet,1129,5,2,38,0,1471.8,33.0,65.3
3177,Dhaka,878,4,2,3,0,,32.4,67.3
3178,Rajshahi,1900,5,1,29,0,0.0,33.6,86.4
3179,Chittagong,2700,3,4,34,1,419.4,19.7,190.3
3180,Dhaka,2227,1,2,23,0,,27.5,123.8
3181,Sylhet,3298,4,4,19,1,0.0,29.9,209.8
3182,Sylhet,543,3,3,21,1,1988.8,21.2,75.2
3183,Rajshahi,1797,4,5,33,0,1061.1,34.0,103.2
3184,Sylhet,3388,2,3,5,1,1336.3,32.0,218.5
3185,Dhaka,2075,2,2,40,0,1340.8,17.3,166.6
3186,Rajshahi,515,2,3,25,0,1514.5,6.0,54.1
3187,Rajshahi,2996,2,3,10,1,925.4,9.7,193.5
3188,Chittagong,1343,7,5,6,1,0.0,16.0,192.3
3189,Rajshahi,3439,2,1,40,1,1670.0,17.5,168.5
3190,Dhaka,2541,7,4,6,0,1948.7,31.5,402.4
3191,Dhaka,3920,6,3,40,1,403.0,20.3,426.4
3192,Dhaka,1182,4,1,20,0,1156.0,25.6,119.8
3193,Sylhet,2420,1,2,20,0,1468.2,19.8,157.8
3194,Sylhet,3001,6,5,34,1,0.0,8.8,248.9
3195,Sylhet,1988,7,2,30,0,0.0,16.2,153.5
3196,Chittagong,1284,3,3,5,0,0.0,28.6,91.1
3197,Chittagong,4021,5,4,34,0,1632.4,19.0,303.4
3198,Sylhet,408,2,2,7,0,1141.2,14.5,86.7
3199,Rajshahi,2307,7,5,30,0,1993.8,11.1,213.5
3200,Dhaka,1618,5,4,29,0,1750.8,,187.0
3201,Chittagong,1822,5,5,37,0,27.8,3.1,172.9
3202,Chittagong,2815,5,3,27,0,0.0,1.7,253.3
3203,Rajshahi,1775,3,4,8,0,1665.8,12.2,147.5
3204,Chittagong,1749,6,4,18,1,764.0,6.6,224.0
3205,Dhaka,3247,4,1,16,0,0.0,15.3,338.3
3206,Rajshahi,2420,1,2,17,1,850.2,20.1,109.9
3207,Sylhet,2290,7,4,34,1,1202.3,13.3,235.0
3208,Sylhet,2373,1,1,23,0,702.8,27.8,98.8
3209,Sylhet,2124,3,3,33,1,0.0,17.5,163.0
3210,Chittagong,2675,1,2,12,1,1927.2,10.9,268.2
3211,Chittagong,574,1,1,17,0,,27.0,17.2
3212,Dhaka,1399,6,1,39,1,543.5,24.1,149.3
3213,Sylhet,1011,5,3,19,0,0.0,10.3,122.3
3214,Sylhet,1870,6,1,21,1,379.2,19.3,175.1
3215,Dhaka,3656,3,1,40,0,0.0,15.1,278.7
3216,Dhaka,3102,2,1,26,1,26.8,17.7,262.6
3217,Sylhet,3728,4,1,2,0,0.0,19.2,247.9
3218,Chittagong,1955,1,1,16,1,0.0,34.5,88.1
3219,Chittagong,2373,7,3,5,1,0.0,21.2,252.0
3220,Dhaka,1347,6,3,35,0,0.0,4.6,216.1
3221,Sylhet,2258,4,5,31,1,1371.3,31.0,177.0
3222,Rajshahi,3600,2,2,38,1,1644.6,10.1,209.0
3223,Dhaka,1443,5,5,31,1,319.4,10.1,238.7
3224,Dhaka,3588,1,2,29,1,336.5,19.2,315.6
3225,Rajshahi,818,1,2,18,0,1541.6,4.3,55.0
3226,Sylhet,2910,5,1,22,0,0.0,1.9,208.0
3227,Dhaka,1244,5,3,7,1,0.0,7.1,242.4
3228,Rajshahi,1481,7,2,38,0,0.0,29.9,50.4
3229,Sylhet,2397,2,1,36,0,0.0,6.5,94.5
3230,Rajshahi,2993,7,4,14,1,0.0,,241.3
3231,Dhaka,4023,5,3,31,0,1645.3,3.3,504.3
3232,Chittagong,864,2,1,31,0,0.0,4.1,40.7
3233,Chittagong,1829,4,3,22,0,0.0,33.9,101.6
3234,Dhaka,3919,3,4,6,0,1280.1,5.4,475.1
3235,Sylhet,1873,2,1,19,0,657.0,31.0,85.6
3236,Dhaka,681,5,2,13,0,0.0,19.4,126.2
3237,Dhaka,512,3,1,12,0,666.4,2.4,106.3
3238,Rajshahi,4089,2,3,36,0,0.0,1.3,185.1
3239,Rajshahi,2807,5,5,7,0,0.0,19.6,163.1
3240,Chittagong,2388,6,5,39,0,488.6,27.6,155.2
3241,Dhaka,2851,2,1,6,1,0.0,32.0,229.4
3242,Chittagong,1508,2,1,24,1,1321.8,31.6,96.5
3243,Sylhet,3852,5,1,40,1,0.0,11.3,253.6
3244,Rajshahi,4092,6,3,39,1,0.0,14.1,201.3
3245,Dhaka,4329,4,1,16,1,0.0,34.1,407.3
3246,Sylhet,3859,6,5,28,0,896.1,9.8,297.9
3247,Chittagong,945,1,1,33,0,0.0,29.9,15
3248,Dhaka,1139,4,3,20,0,0.0,28.1,115.2
3249,Chittagong,2513,2,1,38,0,0.0,12.7,136.8
3250,Rajshahi,1407,3,4,22,0,464.3,33.2,67.0
3251,Rajshahi,2475,7,5,19,0,0.0,27.7,169.5
3252,Sylhet,1982,4,3,28,1,0.0,20.6,153.7
3253,Dhaka,3567,5,5,18,1,966.3,10.0,489.8
3254,Chittagong,4068,1,1,22,1,878.4,3.0,306.8
3255,Rajshahi,2618,4,1,23,1,1352.5,,182.1
3256,Sylhet,417,4,5,1,0,1954.4,22.6,124.2
3257,Rajshahi,698,5,2,8,0,1539.2,12.3,78.8
3258,Chittagong,3051,2,1,19,0,0.0,8.8,185.6
3259,Rajshahi,3474,1,1,29,0,0.0,4.4,142.5
3260,Sylhet,3945,7,2,21,1,0.0,17.0,283.3
3261,Chittagong,768,4,2,33,1,802.1,30.6,49.2
3262,Chittagong,3622,3,4,7,1,1885.4,,342.3
3263,Rajshahi,1651,4,4,25,0,1119.6,23.2,109.0
3264,Dhaka,3931,4,2,27,0,341.8,5.1,425.3
3265,Sylhet,2984,5,1,21,0,665.8,20.6,203.2
3266,Chittagong,4467,2,3,14,1,0.0,14.6,311.1
3267,Chittagong,2065,2,2,35,0,,13.9,137.4
3268,Sylhet,1093,3,1,14,0,1208.4,30.8,70.4
3269,Rajshahi,4081,2,1,10,0,196.1,2.5,212.2
3270,Chittagong,449,1,1,1,0,1836.4,14.1,80.5
3271,Rajshahi,1870,2,2,28,1,0.0,0.8,93.8
3272,Chittagong,533,4,1,7,1,1603.1,4.2,147.3
3273,Rajshahi,1557,7,5,27,1,1596.3,30.9,149.6
3274,Chittagong,1437,2,2,3,0,0.0,26.2,51.4
3275,Rajshahi,1932,4,1,22,0,0.0,9.1,104.7
3276,Sylhet,2768,1,2,20,0,0.0,3.8,171.9
3277,Sylhet,3740,4,5,10,0,0.0,23.4,281.8
3278,Rajshahi,595,6,2,37,1,0.0,4.1,88.6
3279,Chittagong,3625,1,2,4,0,0.0,5.3,239.0
3280,Sylhet,1220,4,2,21,0,0.0,32.2,44.8
3281,Chittagong,2574,4,5,19,0,0.0,5.9,220.6
3282,Rajshahi,1848,3,4,18,1,0.0,2.7,128.5
3283,Chittagong,3567,4,2,20,1,1534.9,5.8,304.5
3284,Rajshahi,4430,2,3,8,1,759.2,20.7,247.1
3285,Chittagong,523,7,2,16,0,977.8,2.0,152.7
3286,Sylhet,4234,2,2,32,1,405.7,6.2,267.4
3287,Dhaka,605,6,4,12,0,0.0,29.0,122.6
3288,Chittagong,4443,2,2,24,1,0.0,26.1,240.8
3289,Chittagong,2352,7,4,11,0,0.0,27.0,206.1
3290,Chittagong,2196,5,5,15,1,386.5,11.2,240.4
3291,Sylhet,1439,2,3,35,1,0.0,18.2,80.3
3292,Chittagong,3132,5,1,11,0,1401.1,33.7,219.3
3293,Rajshahi,2156,1,1,1,0,885.9,7.2,144.5
3294,Chittagong,855,2,3,14,0,,4.5,63.3
3295,Rajshahi,2276,2,3,22,1,794.4,16.4,126.5
3296,Rajshahi,2577,4,1,28,0,0.0,15.8,118.8
3297,Dhaka,1664,3,4,31,1,0.0,22.3,146.6
3298,Chittagong,3578,6,2,38,0,0.0,7.9,278.7
3299,Sylhet,4231,1,2,22,1,0.0,25.4,204.7
3300,Chittagong,2990,4,5,0,0,0.0,28.9,211.9
3301,Sylhet,2717,4,1,8,1,0.0,,215.4
3302,Dhaka,1122,1,1,2,1,304.3,34.5,67.3
3303,Chittagong,2447,6,2,28,0,1388.1,1.1,247.8
3304,Chittagong,1952,3,4,1,1,0.0,3.5,180.5
3305,Chittagong,1011,4,1,31,0,1321.8,2.0,115.4
3306,Dhaka,2561,2,2,28,0,614.7,20.2,235.8
3307,Dhaka,3954,2,3,39,1,1003.0,14.8,410.0
3308,Dhaka,3788,6,4,13,1,644.5,21.6,479.5
3309,Rajshahi,1523,3,1,23,0,0.0,21.0,62.5
3310,Chittagong,504,1,1,22,1,832.7,0.9,65.6
3311,Rajshahi,2994,2,3,39,1,1603.8,4.1,195.3
3312,Sylhet,2921,6,1,16,0,0.0,1.2,234.4
3313,Chittagong,683,7,1,30,1,0.0,21.3,75.5
3314,Dhaka,4294,2,1,7,0,0.0,0.7,421.2
3315,Sylhet,2270,2,1,4,0,243.4,14.7,126.0
3316,Chittagong,1255,1,2,16,0,451.8,26.2,56.6
3317,Chittagong,642,5,2,31,1,611.2,7.0,116.0
3318,Sylhet,3946,1,1,25,1,840.3,21.8,244.3
3319,Sylhet,1071,1,2,26,1,0.0,9.8,54.5
3320,Dhaka,585,6,1,16,1,636.1,14.5,156.2
3321,Rajshahi,1647,4,1,3,1,1054.5,32.5,107.3
3322,Rajshahi,780,7,5,22,0,113.2,32.7,92.8
3323,Rajshahi,2997,3,1,0,1,0.0,15.9,158.7
3324,Dhaka,1584,3,3,16,0,343.3,8.9,205.1
3325,Rajshahi,2731,3,3,40,0,612.3,22.3,124.5
3326,Dhaka,1979,5,2,27,0,1694.4,29.2,236.2
3327,Rajshahi,4333,7,3,6,1,0.0,31.3,242.9
3328,Rajshahi,4018,7,2,32,0,0.0,3.3,249.8
3329,Dhaka,461,2,3,5,0,1301.8,15.8,101.8
3330,Sylhet,956,7,1,6,1,1776.2,1.2,199.4
3331,Dhaka,770,3,2,1,0,1179.8,32.1,73.7
3332,Dhaka,718,5,1,2,1,1422.8,18.0,205.3
3333,Chittagong,2106,4,4,27,1,562.1,26.9,164.4
3334,Sylhet,4192,7,1,13,0,0.0,11.1,292.0
3335,Dhaka,3190,1,2,33,1,0.0,10.6,272.7
3336,Sylhet,1357,2,2,36,0,0.0,12.6,53.1
3337,Rajshahi,1947,2,3,37,1,1399.6,34.2,88.5
3338,Sylhet,4339,3,4,9,0,0.0,27.2,261.9
3339,Rajshahi,1205,2,3,8,1,1323.9,28.1,87.3
3340,Chittagong,1895,6,2,40,0,1115.5,14.9,157.5
3341,Dhaka,3430,7,4,32,0,1414.1,6.6,479.5
3342,Rajshahi,435,1,1,8,1,1043.5,,51.1
3343,Dhaka,2439,7,2,24,1,0.0,22.0,269.2
3344,Dhaka,3020,7,3,25,1,952.1,9.3,438.0
3345,Chittagong,1355,5,4,24,1,1573.8,15.3,189.2
3346,Sylhet,3748,5,1,26,1,0.0,26.8,233.1
3347,Sylhet,1433,6,1,20,0,389.3,11.0,132.1
3348,Rajshahi,630,4,1,12,1,0.0,8.4,68.1
3349,Rajshahi,459,1,1,21,1,0.0,1.3,37.1
3350,Chittagong,1492,5,3,30,0,1607.4,5.1,200.2
3351,Rajshahi,3213,2,3,12,0,505.5,2.4,163.0
3352,Chittagong,3815,2,2,11,0,1315.5,4.5,303.3
3353,Sylhet,1920,1,2,7,0,387.3,3.9,130.7
3354,Sylhet,1528,5,4,24,1,0.0,2.5,178.5
3355,Chittagong,2866,4,3,15,1,0.0,,180.5
3356,Dhaka,3274,1,2,20,1,1563.7,15.7,356.7
3357,Dhaka,2170,4,2,1,1,0.0,32.5,239.7
3358,Rajshahi,4342,3,2,8,1,94.4,4.9,213.3
3359,Sylhet,2293,3,3,27,0,1596.6,32.1,126.4
3360,Dhaka,497,3,4,21,0,1853.6,9.0,167.2
3361,Chittagong,3167,1,2,14,0,0.0,32.2,143.8
3362,Dhaka,4012,6,3,14,0,617.5,12.6,492.6
3363,Sylhet,3748,6,3,22,0,1044.0,6.2,294.5
3364,Sylhet,4001,3,4,18,1,1710.7,34.6,288.5
3365,Sylhet,1989,3,3,5,0,829.0,12.5,149.2
3366,Sylhet,722,4,2,6,1,1128.1,10.0,103.1
3367,Sylhet,1006,5,5,4,0,1176.2,33.0,122.3
3368,Sylhet,4062,7,2,12,1,1057.1,1.0,384.3
3369,Dhaka,3632,4,4,9,1,880.0,27.0,431.5
3370,Chittagong,1852,4,3,7,0,0.0,6.2,201.9
3371,Dhaka,2579,4,5,26,0,434.2,33.3,219.8
3372,Dhaka,3954,3,1,2,0,0.0,23.4,364.9
3373,Chittagong,403,2,2,9,0,0.0,24.4,15
3374,Dhaka,1276,1,1,12,1,187.1,22.3,80.5
3375,Chittagong,3245,4,5,27,1,1257.7,21.3,281.8
3376,Chittagong,1610,7,5,6,1,0.0,,175.8
3377,Rajshahi,2258,6,3,21,0,0.0,28.5,108.4
3378,Sylhet,4145,4,2,3,0,1230.5,28.5,275.9
3379,Chittagong,772,2,2,7,0,795.6,,112.7
3380,Dhaka,573,1,1,9,1,1099.7,25.6,29.2
3381,Sylhet,2785,5,4,31,0,0.0,20.9,160.3
3382,Sylhet,887,6,3,3,1,178.8,32.6,92.7
3383,Chittagong,666,2,1,19,1,1567.6,2.2,110.8
3384,Chittagong,2799,6,2,5,1,,28.5,229.3
3385,Chittagong,1679,5,4,40,1,0.0,22.0,126.5
3386,Dhaka,3625,7,2,40,0,1329.2,30.0,364.6
3387,Chittagong,2959,3,1,26,1,916.4,11.2,232.1
3388,Sylhet,4243,4,2,3,1,0.0,14.1,279.4
3389,Sylhet,3719,4,1,33,0,984.6,34.7,202.5
3390,Chittagong,2814,4,1,0,1,,13.0,240.7
3391,Dhaka,2201,5,3,28,1,1266.9,,357.7
3392,Rajshahi,3233,6,5,36,1,18.7,27.2,201.4
3393,Sylhet,786,2,1,1,1,1423.1,27.4,59.1
3394,Dhaka,1094,3,4,20,0,1045.1,1.2,214.8
3395,Chittagong,3129,7,2,7,1,1384.3,34.9,296.9
3396,Sylhet,2860,2,1,29,1,0.0,2.0,180.6
3397,Rajshahi,1071,5,1,6,1,1649.1,17.0,118.2
3398,Rajshahi,3112,2,2,13,1,38.8,1.8,166.6
3399,Rajshahi,3225,2,2,39,1,0.0,17.4,138.2
3400,Rajshahi,4428,1,1,37,0,0.0,26.3,194.3
3401,Sylhet,2457,2,3,29,0,1655.9,8.3,186.7
3402,Rajshahi,1398,6,2,40,1,741.5,25.3,88.0
3403,Sylhet,2810,2,3,34,1,252.4,22.2,156.2
3404,Chittagong,3137,4,4,40,0,1779.8,13.7,240.8
3405,Chittagong,2695,3,1,17,1,1562.0,5.5,236.4
3406,Rajshahi,1397,2,1,19,0,0.0,29.3,20.2
3407,Rajshahi,1357,5,1,9,1,0.0,6.7,121.1
3408,Dhaka,2076,5,2,30,1,787.7,6.7,318.7
3409,Dhaka,4391,3,2,22,0,1171.9,,403.3
3410,Chittagong,1437,7,1,8,1,1284.6,12.5,205.7
3411,Sylhet,3789,3,3,24,0,501.7,12.0,236.8
3412,Dhaka,3452,5,3,10,1,0.0,14.7,430.5
3413,Dhaka,772,7,5,26,1,601.6,34.4,171.4
3414,Sylhet,4416,1,1,36,0,1284.3,12.8,251.9
3415,Rajshahi,1332,7,2,38,0,1439.4,19.0,107.1
3416,Sylhet,892,1,2,12,0,234.5,32.3,34.6
3417,Chittagong,3803,5,4,1,1,0.0,,303.0
3418,Dhaka,4478,4,2,39,0,173.6,6.4,462.8
3419,Dhaka,4353,5,5,39,1,761.2,33.7,454.2
3420,Rajshahi,1921,6,1,22,1,723.7,14.8,130.7
3421,Sylhet,3418,2,1,36,0,405.6,34.2,149.5
3422,Chittagong,3664,6,5,32,0,0.0,24.4,257.9
3423,Chittagong,4427,7,1,38,1,1027.8,10.8,359.4
3424,Rajshahi,3516,7,5,0,0,0.0,30.0,190.0
3425,Rajshahi,3138,3,2,24,0,627.1,25.5,138.5
3426,Sylhet,1496,3,4,4,1,0.0,8.8,138.6
3427,Dhaka,1331,3,3,35,1,1731.1,7.3,252.5
3428,Chittagong,3412,2,1,4,1,0.0,23.8,242.7
3429,Chittagong,2930,2,2,28,1,0.0,,155.9
3430,Dhaka,2789,2,3,0,1,1059.2,29.2,325.7
3431,Chittagong,1941,5,1,37,0,939.4,29.9,103.9
3432,Rajshahi,545,5,3,20,1,0.0,18.5,60.7
3433,Rajshahi,1889,4,5,37,0,0.0,23.0,118.1
3434,Rajshahi,647,4,3,4,1,0.0,5.7,94.2
3435,Dhaka,3928,6,2,2,0,1373.6,3.9,553.4
3436,Chittagong,516,7,5,38,0,217.5,8.4,98.7
3437,Rajshahi,3135,1,2,4,0,,22.7,138.7
3438,Rajshahi,1631,1,1,28,1,0.0,33.7,16.1
3439,Rajshahi,2688,3,3,12,1,,21.6,122.7
3440,Rajshahi,3634,6,3,34,0,,26.1,163.9
3441,Rajshahi,1465,4,1,3,1,0.0,28.0,55.8
3442,Rajshahi,2905,7,3,25,0,0.0,23.5,154.3
3443,Chittagong,3502,6,5,30,0,0.0,7.7,320.5
3444,Rajshahi,471,4,3,28,1,173.7,21.5,45.7
3445,Chittagong,3106,5,5,22,0,0.0,4.8,279.7
3446,Rajshahi,1859,4,4,28,0,0.0,32.7,70.8
3447,Sylhet,3217,6,1,7,1,0.0,15.0,253.4
3448,Dhaka,873,4,2,6,1,1200.3,3.1,258.9
3449,Dhaka,738,4,5,37,0,0.0,7.6,115.0
3450,Rajshahi,907,4,3,40,0,0.0,3.7,46.3
3451,Sylhet,2535,1,1,27,1,413.5,4.2,128.3
3452,Sylhet,3871,1,2,10,0,1089.5,29.0,229.5
3453,Sylhet,3275,1,1,0,0,311.1,,157.0
3454,Chittagong,2450,1,2,31,1,1957.4,23.7,182.7
3455,Sylhet,3217,1,1,19,1,0.0,23.5,150.1
3456,Dhaka,4001,6,5,18,1,880.2,11.9,553.2
3457,Rajshahi,573,6,4,24,0,399.2,20.4,71.4
3458,Chittagong,840,5,1,12,0,0.0,3.8,146.1
3459,Rajshahi,1833,5,1,1,0,0.0,1.1,140.3
3460,Chittagong,2422,3,4,17,0,1006.5,15.0,214.5
3461,Rajshahi,3209,5,5,31,0,,16.4,229.4
3462,Dhaka,2164,4,3,27,1,632.7,34.3,199.5
3463,Rajshahi,1704,5,5,10,1,,6.7,142.2
3464,Dhaka,4208,3,2,5,0,1499.5,32.5,442.8
3465,Sylhet,2126,2,3,38,0,612.9,34.3,73.8
3466,Dhaka,2494,7,5,25,0,0.0,6.3,348.6
3467,Dhaka,820,2,3,29,1,,20.3,77.4
3468,Rajshahi,3422,6,5,10,1,0.0,22.5,229.5
3469,Rajshahi,1525,6,5,21,0,489.0,2.0,161.6
3470,Dhaka,1835,5,3,12,1,1062.5,0.5,353.9
3471,Rajshahi,2588,2,2,24,0,420.5,10.8,131.7
3472,Dhaka,4408,1,1,20,0,105.9,11.8,347.1
3473,Dhaka,3764,7,3,15,0,1380.2,24.6,454.5
3474,Sylhet,4059,7,4,0,0,0.0,14.6,347.6
3475,Sylhet,4427,4,4,27,0,58.7,22.3,277.1
3476,Chittagong,601,3,2,18,1,1612.8,23.0,79.2
3477,Chittagong,909,4,2,7,0,100.5,15.0,79.0
3478,Rajshahi,1257,7,1,23,0,1003.2,11.5,115.7
3479,Sylhet,4043,5,1,29,1,0.0,23.7,246.6
3480,Rajshahi,2770,3,4,38,0,0.0,22.7,68.8
3481,Chittagong,3875,1,1,10,1,771.1,12.7,261.9
3482,Rajshahi,2081,4,1,2,1,0.0,18.6,110.9
3483,Sylhet,3265,4,1,16,0,221.2,14.3,205.0
3484,Chittagong,3047,7,2,2,0,0.0,17.1,276.0
3485,Chittagong,448,1,1,2,1,1809.6,29.5,59.6
3486,Dhaka,3022,7,4,0,1,1732.3,31.4,465.0
3487,Rajshahi,3708,5,1,3,0,1571.3,28.2,193.7
3488,Sylhet,1880,6,2,40,1,513.6,28.7,111.6
3489,Rajshahi,2387,2,3,40,1,1084.2,33.1,100.7
3490,Rajshahi,4257,5,5,9,0,1689.7,17.3,274.9
3491,Sylhet,4457,1,2,9,0,0.0,15.6,261.1
3492,Sylhet,3943,4,2,37,1,981.7,14.8,265.0
3493,Chittagong,2033,1,1,21,0,923.4,7.0,139.7
3494,Rajshahi,688,7,3,24,1,708.4,19.6,114.0
3495,Rajshahi,687,7,5,5,0,0.0,10.2,118.6
3496,Chittagong,4096,7,2,29,0,653.5,18.0,347.3
3497,Dhaka,2994,3,4,36,0,0.0,16.5,288.3
3498,Rajshahi,1788,4,3,38,0,0.0,18.5,84.5
3499,Sylhet,888,7,2,32,0,0.0,22.9,86.2
3500,Dhaka,837,3,4,10,0,0.0,4.7,164.7
3501,Rajshahi,2294,2,2,10,0,,13.0,116.9
3502,Rajshahi,2503,3,3,37,1,1059.6,,122.5
3503,Rajshahi,4485,3,1,10,0,1887.0,10.1,278.3
3504,Dhaka,3539,5,1,1,1,0.0,18.6,391.3
3505,Rajshahi,617,4,5,31,0,0.0,3.4,58.7
3506,Dhaka,1029,7,1,2,0,0.0,12.8,200.9
3507,Chittagong,1670,3,2,35,0,793.1,7.1,125.6
3508,Sylhet,2796,4,1,38,1,1108.4,27.7,186.7
3509,Chittagong,1032,1,1,10,0,0.0,20.8,36.8
3510,Rajshahi,3742,5,1,2,0,1327.7,17.0,242.0
3511,Chittagong,4284,6,2,2,1,0.0,15.3,381.0
3512,Rajshahi,1171,2,2,28,0,137.0,12.4,36.5
3513,Sylhet,3453,5,5,29,0,235.6,9.6,253.2
3514,Chittagong,489,7,2,35,1,0.0,5.6,117.5
3515,Chittagong,3709,5,4,8,1,0.0,12.9,336.4
3516,Chittagong,1788,6,4,32,1,0.0,21.9,177.7
3517,Chittagong,3081,7,5,21,1,522.4,20.2,307.5
3518,Sylhet,1252,5,1,20,1,0.0,33.2,64.5
3519,Dhaka,3815,1,2,23,1,1794.8,27.5,372.7
3520,Rajshahi,1419,1,1,33,1,610.9,27.3,15
3521,Chittagong,2148,3,1,33,0,1658.8,28.8,113.7
3522,Chittagong,1890,6,3,39,1,894.8,19.6,183.9
3523,Sylhet,1699,1,1,5,0,0.0,14.6,113.7
3524,Chittagong,3050,6,5,13,0,,20.1,265.0
3525,Chittagong,4469,4,5,22,0,0.0,18.8,328.8
3526,Dhaka,2234,7,2,13,0,1473.6,34.8,309.2
3527,Dhaka,1707,4,3,35,1,935.9,11.1,239.7
3528,Rajshahi,2339,5,1,17,0,0.0,18.8,106.5
3529,Sylhet,4252,5,1,19,0,1219.0,4.5,336.1
3530,Dhaka,4258,4,1,40,0,843.7,28.0,377.9
3531,Dhaka,3121,2,3,13,0,0.0,13.8,315.6
3532,Sylhet,2684,2,1,31,0,1132.4,3.4,169.4
3533,Chittagong,3094,3,4,33,0,1329.0,14.8,252.4
3534,Chittagong,2144,2,3,34,1,1080.2,4.9,179.3
3535,Dhaka,1545,7,4,0,1,435.4,21.0,305.0
3536,Chittagong,2680,5,5,6,0,0.0,6.6,268.7
3537,Dhaka,748,5,4,2,1,658.7,7.0,268.2
3538,Rajshahi,546,2,3,40,0,0.0,25.5,15
3539,Rajshahi,3402,2,1,15,0,0.0,8.5,165.0
3540,Sylhet,3091,1,2,38,1,745.9,17.4,137.5
3541,Rajshahi,459,2,3,10,0,0.0,15.5,25.4
3542,Dhaka,561,6,5,34,1,0.0,32.7,84.6
3543,Dhaka,1862,3,2,8,1,0.0,24.9,171.3
3544,Sylhet,3130,1,2,17,1,929.0,20.5,170.2
3545,Chittagong,2196,5,5,14,0,701.8,1.5,236.6
3546,Dhaka,2553,5,5,13,0,0.0,15.1,331.0
3547,Rajshahi,3761,5,3,14,1,0.0,13.8,248.2
3548,Chittagong,2862,7,3,11,0,0.0,19.2,246.7
3549,Chittagong,3658,7,3,40,0,1861.4,28.3,278.6
3550,Chittagong,2258,7,5,14,0,1957.0,9.0,293.2
3551,Rajshahi,4387,4,2,19,0,0.0,28.3,190.2
3552,Chittagong,2489,4,5,35,0,0.0,22.8,190.2
3553,Sylhet,1500,1,2,0,0,427.6,32.9,65.9
3554,Rajshahi,4159,3,2,29,0,0.0,5.9,185.3
3555,Dhaka,2334,6,2,19,1,0.0,18.8,284.9
3556,Rajshahi,768,4,2,36,0,0.0,16.6,15
3557,Dhaka,2937,3,4,2,1,,20.3,322.5
3558,Chittagong,3900,5,2,35,1,0.0,12.7,307.1
3559,Rajshahi,1448,6,5,9,0,1476.7,15.5,157.0
3560,Sylhet,2438,6,4,5,1,1655.5,34.6,244.7
3561,Chittagong,883,1,1,18,1,267.6,31.8,15
3562,Sylhet,3764,3,3,8,1,1986.0,30.8,286.7
3563,Chittagong,1691,6,1,3,1,1597.1,21.6,219.5
3564,Rajshahi,2906,4,5,28,1,232.9,23.5,150.8
3565,Dhaka,2782,4,3,6,0,616.9,12.8,342.9
3566,Chittagong,3019,1,1,27,0,1167.0,9.3,212.4
3567,Dhaka,1315,2,2,29,1,0.0,5.2,140.0
3568,Dhaka,663,6,1,32,1,0.0,8.7,147.2
3569,Rajshahi,833,5,3,14,1,1919.5,5.6,129.8
3570,Chittagong,568,6,4,16,0,556.0,7.8,124.6
3571,Chittagong,3920,2,1,13,1,1366.1,15.7,314.9
3572,Dhaka,2366,4,2,5,1,1210.9,34.5,317.9
3573,Rajshahi,1688,7,2,18,1,10.2,22.0,142.4
3574,Sylhet,3601,7,1,30,1,0.0,11.9,269.4
3575,Chittagong,1522,3,3,1,0,1926.3,17.7,176.8
3576,Rajshahi,3169,3,4,9,1,1551.2,29.1,178.1
3577,Rajshahi,805,4,2,7,0,957.7,31.1,62.3
3578,Dhaka,692,2,2,25,0,476.6,16.1,52.8
3579,Rajshahi,3566,5,4,25,1,,19.1,222.8
3580,Sylhet,1584,1,2,18,1,0.0,34.2,42.9
3581,Sylhet,1954,4,5,39,1,1847.3,4.9,210.6
3582,Dhaka,1531,7,5,38,0,611.9,11.0,252.5
3583,Chittagong,1816,3,3,17,0,0.0,14.8,128.1
3584,Chittagong,3660,7,4,36,0,1082.9,20.1,310.8
3585,Chittagong,2372,4,3,18,1,948.4,29.1,191.5
3586,Dhaka,4121,1,2,40,1,1076.0,2.0,422.6
3587,Dhaka,3610,3,2,21,0,755.6,33.1,319.0
3588,Chittagong,3303,4,3,7,1,1217.8,2.6,335.2
3589,Sylhet,3700,5,1,2,0,0.0,11.3,256.1
3590,Dhaka,4356,2,2,12,1,825.4,15.7,485.4
3591,Rajshahi,3588,4,2,9,0,1483.8,10.2,223.5
3592,Dhaka,2676,7,5,31,0,1331.0,18.7,359.0
3593,Rajshahi,3651,1,2,33,1,380.1,,142.0
3594,Rajshahi,846,5,3,10,0,625.3,3.4,105.5
3595,Rajshahi,1055,3,4,19,0,0.0,16.9,41.6
3596,Dhaka,4057,6,3,29,0,1700.1,22.9,484.1
3597,Rajshahi,1737,3,3,27,1,0.0,17.6,92.4
3598,Sylhet,2254,7,1,18,1,555.9,23.7,173.9
3599,Chittagong,2361,5,5,15,0,1829.7,34.2,263.5
3600,Chittagong,411,3,3,14,0,0.0,22.6,47.3
